Fell Asleep At,End Time,Date of Fell Asleep,total Sleep,Total Sleep in Seconds,Time Awake,Time Awake Seconds,Awake Count,Time in Bed,Minutes REM Sleep,Minutes Light Sleep,Minutes Deep Sleep
1/1/2017 1:39:00,1/1/2017 6:56:00,1/1/2017,,18540,6,360,1,317,,,
1/1/2017 20:27:00,1/2/2017 6:34:00,1/1/2017,,34860,22,1320,1,607,,,
1/2/2017 21:51:00,1/3/2017 5:06:00,1/2/2017,,25440,11,660,1,435,,,
1/3/2017 21:43:00,1/4/2017 6:09:00,1/3/2017,,28320,29,1740,2,506,,,
1/4/2017 22:35:00,1/5/2017 7:24:00,1/4/2017,,31020,12,720,1,529,,,
1/5/2017 21:27:00,1/6/2017 6:17:00,1/5/2017,,31020,11,660,0,529,,,
1/6/2017 22:12:00,1/7/2017 6:14:00,1/6/2017,,28620,3,180,0,482,,,
1/7/2017 22:56:00,1/8/2017 6:27:00,1/7/2017,,26400,6,360,1,451,,,
1/8/2017 23:21:00,1/9/2017 5:02:00,1/8/2017,,20280,2,120,0,341,,,
1/9/2017 22:45:00,1/10/2017 6:24:00,1/9/2017,,26460,16,960,2,459,,,
1/10/2017 21:31:00,1/11/2017 4:25:00,1/10/2017,,24540,1,60,0,414,,,
1/11/2017 22:13:00,1/12/2017 5:11:00,1/11/2017,,24840,2,120,0,418,,,
1/12/2017 21:14:00,1/13/2017 5:14:00,1/12/2017,,28260,9,540,1,480,,,
1/13/2017 22:33:00,1/14/2017 6:51:00,1/13/2017,,29400,8,480,1,498,,,
1/14/2017 22:36:00,1/15/2017 7:45:00,1/14/2017,,32220,12,720,1,549,,,
1/15/2017 23:12:00,1/16/2017 5:30:00,1/15/2017,,22020,11,660,1,378,,,
1/16/2017 21:18:00,1/17/2017 5:21:00,1/16/2017,,27540,17,1020,3,483,,,
1/17/2017 22:00:00,1/18/2017 5:15:00,1/17/2017,,26040,1,60,0,435,,,
1/18/2017 21:23:00,1/19/2017 5:07:00,1/18/2017,,26400,23,1380,2,464,,,
1/19/2017 23:31:00,1/20/2017 6:05:00,1/19/2017,,23400,2,120,0,394,,,
1/20/2017 22:00:00,1/21/2017 5:54:00,1/20/2017,,28440,0,0,0,474,,,
1/21/2017 21:34:00,1/22/2017 6:19:00,1/21/2017,,30720,13,780,1,525,,,
1/23/2017 23:14:00,1/24/2017 5:09:00,1/23/2017,,21180,2,120,0,355,,,
1/24/2017 21:25:00,1/25/2017 5:50:00,1/24/2017,,28620,28,1680,3,505,,,
1/25/2017 22:20:00,1/26/2017 5:19:00,1/25/2017,,24660,8,480,0,419,,,
1/26/2017 20:37:00,1/27/2017 5:29:00,1/26/2017,,31020,15,900,0,532,,,
1/27/2017 21:58:00,1/28/2017 6:32:00,1/27/2017,,29340,25,1500,2,514,,,
1/28/2017 23:45:00,1/29/2017 6:56:00,1/28/2017,,25020,14,840,1,431,,,
1/29/2017 20:17:00,1/30/2017 5:17:00,1/29/2017,,31560,14,840,2,540,,,
1/30/2017 21:00:00,1/31/2017 5:10:00,1/30/2017,,29280,2,120,0,490,,,
1/30/2017 21:00:00,1/31/2017 5:10:00,1/30/2017,488,29280,2,120,0,490,,,
1/31/2017 22:29:00,2/1/2017 5:26:00,1/31/2017,402,24120,15,900,1,417,,,
2/1/2017 20:01:00,2/2/2017 4:03:00,2/1/2017,473,28380,9,540,0,482,,,
2/4/2017 20:05:00,2/5/2017 6:19:00,2/4/2017,564,33840,34,2040,4,613,,,
2/5/2017 22:59:00,2/6/2017 5:55:00,2/5/2017,403,24180,13,780,2,416,,,
2/6/2017 21:37:00,2/7/2017 5:24:00,2/6/2017,449,26940,15,900,3,467,,,
2/7/2017 21:49:00,2/8/2017 4:56:00,2/7/2017,412,24720,14,840,2,427,,,
2/8/2017 21:57:00,2/9/2017 5:48:00,2/8/2017,452,27120,18,1080,2,470,,,
2/9/2017 21:30:00,2/10/2017 5:45:00,2/9/2017,480,28800,15,900,1,495,,,
2/10/2017 21:04:00,2/11/2017 4:56:00,2/10/2017,455,27300,17,1020,3,472,,,
2/11/2017 21:57:00,2/12/2017 5:11:00,2/11/2017,430,25800,4,240,1,434,,,
2/12/2017 21:08:00,2/13/2017 6:04:00,2/12/2017,501,30060,35,2100,1,536,,,
2/13/2017 20:35:00,2/14/2017 1:54:00,2/13/2017,312,18720,6,360,0,318,,,
2/14/2017 4:14:00,2/14/2017 6:58:00,2/14/2017,160,9600,4,240,0,164,,,
2/14/2017 21:21:00,2/15/2017 3:33:00,2/14/2017,366,21960,5,300,1,371,,,
2/15/2017 20:21:00,2/16/2017 1:38:00,2/15/2017,292,17520,25,1500,2,317,,,
2/16/2017 2:53:00,2/16/2017 6:11:00,2/16/2017,185,11100,13,780,1,198,,,
2/16/2017 20:20:00,2/17/2017 6:21:00,2/16/2017,577,34620,24,1440,2,601,,,
2/20/2017 19:51:00,2/21/2017 5:59:00,2/20/2017,563,33780,42,2520,5,608,,,
2/21/2017 21:36:00,2/22/2017 1:48:00,2/21/2017,236,14160,16,960,0,252,,,
2/22/2017 5:34:00,2/22/2017 6:54:00,2/22/2017,73,4380,7,420,1,80,,,
2/22/2017 22:39:00,2/23/2017 5:59:00,2/22/2017,416,24960,23,1380,2,440,,,
2/24/2017 0:57:00,2/24/2017 5:51:00,2/24/2017,288,17280,5,300,0,293,,,
2/24/2017 21:43:00,2/25/2017 7:32:00,2/24/2017,576,34560,12,720,0,588,,,
2/26/2017 21:20:00,2/27/2017 6:23:00,2/26/2017,509,30540,34,2040,3,543,,,
2/27/2017 22:01:00,2/28/2017 5:58:00,2/27/2017,447,26820,25,1500,2,477,,,
2/28/2017 22:01:00,3/1/2017 4:11:00,2/28/2017,356,21360,12,720,1,370,,,
3/1/2017 20:54:00,3/2/2017 5:50:00,3/1/2017,493,29580,37,2220,2,536,,,
3/2/2017 22:33:00,3/3/2017 5:40:00,3/2/2017,403,24180,23,1380,1,427,,,
3/3/2017 21:17:00,3/4/2017 5:59:00,3/3/2017,510,30600,12,720,1,522,,,
3/4/2017 21:04:00,3/5/2017 1:43:00,3/4/2017,274,16440,5,300,0,279,,,
3/5/2017 2:50:00,3/5/2017 7:18:00,3/5/2017,225,13500,33,1980,2,268,,,
3/6/2017 20:47:00,3/7/2017 4:37:00,3/6/2017,459,27540,6,360,1,470,,,
3/7/2017 22:24:00,3/8/2017 5:37:00,3/7/2017,428,25680,4,240,0,433,,,
3/8/2017 22:21:00,3/9/2017 5:13:00,3/8/2017,404,24240,8,480,0,412,,,
3/10/2017 0:46:00,3/10/2017 6:31:00,3/10/2017,326,19560,16,960,0,345,,,
3/11/2017 21:18:00,3/12/2017 7:46:00,3/11/2017,596,35760,32,1920,1,628,,,
3/12/2017 21:16:00,3/13/2017 5:34:00,3/12/2017,480,28800,18,1080,2,498,,,
3/13/2017 22:30:00,3/14/2017 5:28:00,3/13/2017,,24540,9,540,0,418,,,
3/14/2017 21:33:00,3/15/2017 2:46:00,3/14/2017,,18240,9,540,0,313,,,
3/15/2017 4:22:00,3/15/2017 5:45:00,3/15/2017,,4920,1,60,0,83,,,
3/15/2017 22:44:00,3/16/2017 5:54:00,3/15/2017,,25680,2,120,0,430,,,
3/16/2017 21:16:00,3/17/2017 3:43:00,3/16/2017,,22800,1,60,1,387,,,
3/17/2017 5:14:00,3/17/2017 6:42:00,3/17/2017,,5040,4,240,0,88,,,
3/17/2017 21:36:00,3/18/2017 0:18:00,3/17/2017,,8940,13,780,0,162,,,
3/18/2017 2:12:00,3/18/2017 6:49:00,3/18/2017,,16560,1,60,0,277,,,
3/19/2017 23:33:00,3/20/2017 6:42:00,3/19/2017,,23640,34,2040,3,428,,,
3/20/2017 21:03:00,3/21/2017 5:24:00,3/20/2017,,28320,29,1740,2,501,,,
3/21/2017 22:37:00,3/22/2017 5:46:00,3/21/2017,,22860,42,2520,1,429,,,
3/22/2017 21:22:00,3/23/2017 6:35:00,3/22/2017,,32400,10,600,0,553,,,
3/23/2017 22:30:00,3/24/2017 5:02:00,3/23/2017,,22500,17,1020,1,392,,,
3/24/2017 21:14:00,3/25/2017 7:14:00,3/24/2017,,33780,36,2160,1,599,,,
3/25/2017 22:36:00,3/26/2017 7:30:00,3/25/2017,,29760,38,2280,2,534,,,
3/30/2017 20:45:00,3/31/2017 5:54:00,3/30/2017,,30060,48,2880,1,549,,,
4/1/2017 23:32:00,4/2/2017 9:36:00,4/1/2017,,34200,31,1860,2,604,,,
4/3/2017 21:11:00,4/4/2017 5:12:00,4/3/2017,,28080,12,720,0,480,,,
4/5/2017 0:30:00,4/5/2017 5:35:00,4/5/2017,,17460,14,840,1,305,,,
4/5/2017 23:06:00,4/6/2017 6:26:00,4/5/2017,,23400,50,3000,27,440,108,143,139
4/6/2017 21:38:00,4/7/2017 6:04:00,4/6/2017,,28380,32,1920,24,505,138,194,141
4/7/2017 23:44:00,4/8/2017 6:13:00,4/7/2017,,21060,38,2280,15,389,109,173,69
4/8/2017 22:10:00,4/9/2017 0:05:00,4/8/2017,,6600,5,300,0,115,,,
4/9/2017 4:24:00,4/9/2017 7:26:00,4/9/2017,,10860,1,60,0,182,,,
4/9/2017 23:47:00,4/10/2017 6:23:00,4/9/2017,,21600,36,2160,14,396,89,174,97
4/11/2017 23:02:00,4/12/2017 5:51:00,4/11/2017,,21660,48,2880,13,409,91,187,83
4/12/2017 21:11:00,4/13/2017 5:49:00,4/12/2017,,28140,49,2940,23,518,115,249,105
4/14/2017 0:04:00,4/14/2017 7:33:00,4/14/2017,,24660,37,2220,24,448,107,220,84
4/15/2017 21:34:00,4/16/2017 7:23:00,4/15/2017,,33120,37,2220,25,589,164,305,83
4/19/2017 21:10:00,4/20/2017 6:34:00,4/19/2017,,30180,60,3600,40,563,144,266,93
4/20/2017 22:03:00,4/21/2017 5:54:00,4/20/2017,,25620,44,2640,33,471,132,182,113
4/21/2017 23:42:00,4/22/2017 8:36:00,4/21/2017,,28920,52,3120,29,534,112,284,86
4/22/2017 22:33:00,4/23/2017 6:52:00,4/22/2017,,27180,46,2760,21,499,127,217,109
4/23/2017 22:17:00,4/24/2017 5:01:00,4/23/2017,,21660,43,2580,14,404,96,169,96
4/24/2017 20:57:00,4/25/2017 4:33:00,4/24/2017,,25440,32,1920,31,456,102,220,102
4/25/2017 22:28:00,4/26/2017 5:53:00,4/25/2017,,24420,38,2280,29,445,136,189,82
4/26/2017 21:10:00,4/27/2017 5:54:00,4/26/2017,,28200,54,3240,29,524,119,225,126
4/28/2017 0:13:00,4/28/2017 5:12:00,4/28/2017,,17100,7,420,1,299,,,
4/28/2017 21:27:00,4/29/2017 7:06:00,4/28/2017,,33480,20,1200,1,579,,,
4/30/2017 0:11:00,4/30/2017 6:34:00,4/30/2017,,20100,48,2880,10,383,111,147,77
5/2/2017 0:04:00,5/2/2017 6:11:00,5/2/2017,,19800,36,2160,22,366,74,188,68
5/3/2017 0:31:00,5/3/2017 3:57:00,5/3/2017,,10680,28,1680,3,206,,,
5/3/2017 20:49:00,5/4/2017 6:09:00,5/3/2017,,31440,36,2160,23,560,152,242,130
5/4/2017 22:05:00,5/5/2017 4:40:00,5/4/2017,,22020,28,1680,26,395,76,199,92
5/6/2017 22:06:00,5/7/2017 4:41:00,5/6/2017,,20820,48,2880,17,395,72,198,77
5/7/2017 6:18:00,5/7/2017 8:43:00,5/7/2017,,8340,6,360,0,145,,,
5/7/2017 21:42:00,5/8/2017 6:23:00,5/7/2017,,28020,54,3240,30,521,69,315,83
5/8/2017 23:17:00,5/9/2017 5:26:00,5/8/2017,,20640,25,1500,17,369,89,194,61
5/9/2017 21:08:00,5/10/2017 3:18:00,5/9/2017,,18780,57,3420,17,370,44,198,71
5/10/2017 4:33:00,5/10/2017 7:16:00,5/10/2017,,9000,13,780,1,163,,,
5/10/2017 22:47:00,5/11/2017 4:07:00,5/10/2017,,17160,34,2040,2,320,,,
5/11/2017 20:59:00,5/12/2017 4:42:00,5/11/2017,,27000,13,780,1,463,,,
5/12/2017 22:42:00,5/13/2017 5:31:00,5/12/2017,,23820,10,600,0,409,,,
5/13/2017 7:03:00,5/13/2017 8:57:00,5/13/2017,,6780,1,60,0,114,,,
5/13/2017 23:14:00,5/14/2017 8:23:00,5/13/2017,,31380,26,1560,1,549,,,
5/15/2017 21:19:00,5/15/2017 23:14:00,5/15/2017,,6420,6,360,1,114,,,
5/16/2017 21:23:00,5/17/2017 7:32:00,5/16/2017,,33000,59,3540,36,609,143,297,110
5/17/2017 23:31:00,5/18/2017 6:35:00,5/17/2017,,21600,63,3780,23,423,82,216,62
5/19/2017 0:30:00,5/19/2017 6:06:00,5/19/2017,,19800,5,300,0,336,,,
5/20/2017 0:09:00,5/20/2017 7:50:00,5/20/2017,,25620,34,2040,34,461,112,222,93
5/20/2017 21:58:00,5/21/2017 6:40:00,5/20/2017,,29340,33,1980,38,522,157,226,106
5/21/2017 21:36:00,5/22/2017 5:48:00,5/21/2017,,27600,32,1920,26,492,121,221,118
5/22/2017 23:59:00,5/23/2017 4:43:00,5/22/2017,,15720,22,1320,14,284,80,118,64
5/23/2017 21:40:00,5/24/2017 5:39:00,5/23/2017,,25620,52,3120,21,479,141,173,113
5/24/2017 22:11:00,5/25/2017 6:07:00,5/24/2017,,24000,75,4500,23,475,131,181,88
5/26/2017 0:13:00,5/26/2017 5:44:00,5/26/2017,,17820,34,2040,16,331,71,154,72
5/26/2017 23:56:00,5/27/2017 8:03:00,5/26/2017,,26280,49,2940,20,487,64,280,94
5/27/2017 23:14:00,5/28/2017 6:40:00,5/27/2017,,24420,39,2340,30,446,86,203,118
5/29/2017 22:20:00,5/30/2017 6:53:00,5/29/2017,,27540,54,3240,28,513,125,225,109
5/30/2017 23:56:00,5/31/2017 6:09:00,5/30/2017,,19500,48,2880,20,373,75,179,71
5/31/2017 22:59:00,6/1/2017 5:57:00,5/31/2017,,24000,15,900,1,418,,,
6/1/2017 23:31:00,6/2/2017 5:28:00,6/1/2017,,19680,29,1740,12,357,56,207,65
6/2/2017 22:12:00,6/3/2017 1:16:00,6/2/2017,,9840,20,1200,9,184,38,111,15
6/3/2017 3:03:00,6/3/2017 7:04:00,6/3/2017,,13080,23,1380,15,241,68,102,48
6/3/2017 21:14:00,6/4/2017 5:16:00,6/3/2017,,26940,32,1920,25,481,118,225,106
6/5/2017 22:26:00,6/6/2017 6:16:00,6/5/2017,,25860,38,2280,28,469,113,202,116
6/7/2017 0:21:00,6/7/2017 2:37:00,6/7/2017,,7140,16,960,0,135,,,
6/8/2017 3:00:00,6/8/2017 5:13:00,6/8/2017,,6720,21,1260,0,133,,,
6/10/2017 23:28:00,6/11/2017 7:47:00,6/10/2017,,27600,38,2280,23,498,143,244,73
6/11/2017 21:07:00,6/12/2017 6:18:00,6/11/2017,,28860,70,4200,20,551,161,193,127
6/12/2017 23:10:00,6/13/2017 4:40:00,6/12/2017,,18720,18,1080,14,330,105,132,75
6/13/2017 22:31:00,6/14/2017 5:33:00,6/13/2017,,22320,50,3000,17,422,99,206,67
6/14/2017 21:26:00,6/15/2017 5:28:00,6/14/2017,,26160,46,2760,26,482,122,228,86
6/15/2017 22:29:00,6/16/2017 5:47:00,6/15/2017,,24240,34,2040,30,438,131,191,82
6/19/2017 0:39:00,6/19/2017 6:01:00,6/19/2017,,15420,65,3900,25,322,29,182,46
6/19/2017 22:33:00,6/20/2017 5:17:00,6/19/2017,,21960,38,2280,22,404,75,215,76
6/21/2017 1:30:00,6/21/2017 7:25:00,6/21/2017,,19740,26,1560,16,355,62,203,64
6/23/2017 21:30:00,6/24/2017 6:58:00,6/23/2017,,31500,43,2580,20,568,175,226,124
6/26/2017 21:00:00,6/27/2017 0:10:00,6/26/2017,,10500,15,900,7,190,45,73,57
6/27/2017 22:34:00,6/28/2017 0:22:00,6/27/2017,,5820,11,660,0,108,,,
6/28/2017 1:47:00,6/28/2017 4:52:00,6/28/2017,,9720,23,1380,8,185,39,80,43
6/28/2017 22:53:00,6/29/2017 5:55:00,6/28/2017,,23460,31,1860,19,422,88,244,59
6/30/2017 21:49:00,7/1/2017 5:52:00,6/30/2017,,27960,17,1020,2,483,,,
7/1/2017 21:57:00,7/2/2017 3:18:00,7/1/2017,,16920,39,2340,10,321,56,156,70
7/2/2017 4:36:00,7/2/2017 8:31:00,7/2/2017,,12600,25,1500,14,235,21,155,34
7/3/2017 22:03:00,7/4/2017 7:57:00,7/3/2017,,32100,59,3540,48,594,141,319,75
7/6/2017 22:41:00,7/7/2017 6:06:00,7/6/2017,,24720,32,1920,20,444,139,201,72
7/7/2017 20:11:00,7/8/2017 6:49:00,7/7/2017,,36300,33,1980,34,638,160,301,144
7/8/2017 22:03:00,7/9/2017 7:35:00,7/8/2017,493,29580,79,4740,28,572,130,259,104
7/9/2017 20:52:00,7/10/2017 5:36:00,7/9/2017,485,29100,38,2280,17,523,138,275,72
7/10/2017 21:57:00,7/11/2017 5:19:00,7/10/2017,398,23880,44,2640,22,442,90,230,78
7/11/2017 21:10:00,7/12/2017 4:32:00,7/11/2017,394,23640,48,2880,26,442,116,188,90
7/12/2017 23:17:00,7/13/2017 5:09:00,7/12/2017,335,20100,17,1020,18,352,86,154,95
7/13/2017 22:19:00,7/14/2017 4:30:00,7/13/2017,350,21000,21,1260,20,371,96,177,77
7/14/2017 5:52:00,7/14/2017 7:35:00,7/14/2017,97,5820,5,300,0,102,,,
7/14/2017 23:35:00,7/15/2017 7:21:00,7/14/2017,417,25020,49,2940,27,466,102,221,94
7/16/2017 21:43:00,7/17/2017 5:02:00,7/16/2017,410,24600,29,1740,29,439,97,246,67
7/17/2017 23:10:00,7/18/2017 6:23:00,7/17/2017,394,23640,39,2340,24,433,101,202,91
7/18/2017 23:04:00,7/19/2017 6:29:00,7/18/2017,381,22860,64,3840,14,445,82,219,80
7/20/2017 1:18:00,7/20/2017 6:48:00,7/20/2017,314,18840,16,960,15,330,71,180,63
7/20/2017 23:48:00,7/21/2017 5:47:00,7/20/2017,311,18660,47,2820,19,358,71,157,83
7/21/2017 22:47:00,7/22/2017 6:24:00,7/21/2017,407,24420,50,3000,19,457,131,211,65
7/23/2017 20:56:00,7/24/2017 5:12:00,7/23/2017,466,27960,30,1800,19,496,150,223,93
7/24/2017 22:59:00,7/25/2017 5:44:00,7/24/2017,381,22860,24,1440,23,405,102,197,82
7/25/2017 21:39:00,7/26/2017 3:08:00,7/25/2017,288,17280,40,2400,10,328,75,126,87
7/26/2017 4:15:00,7/26/2017 5:31:00,7/26/2017,71,4260,4,240,0,75,,,
7/26/2017 21:47:00,7/27/2017 5:26:00,7/26/2017,421,25260,37,2220,20,458,103,214,104
7/27/2017 21:18:00,7/28/2017 6:07:00,7/27/2017,493,29580,36,2160,34,529,113,276,104
7/28/2017 23:40:00,7/29/2017 9:18:00,7/28/2017,504,30240,73,4380,28,577,77,336,91
7/29/2017 21:25:00,7/30/2017 7:33:00,7/29/2017,549,32940,59,3540,27,608,120,295,134
7/30/2017 23:24:00,7/31/2017 4:08:00,7/30/2017,264,15840,19,1140,11,283,93,115,56
7/31/2017 22:42:00,8/1/2017 8:31:00,7/31/2017,517,31020,71,4260,31,588,110,355,52
8/1/2017 22:45:00,8/2/2017 8:19:00,8/1/2017,527,31620,47,2820,27,574,143,311,73
8/2/2017 21:58:00,8/3/2017 7:28:00,8/2/2017,480,28800,90,5400,22,570,93,297,90
8/3/2017 23:07:00,8/4/2017 2:13:00,8/3/2017,164,9840,22,1320,7,186,41,84,39
8/4/2017 4:51:00,8/4/2017 7:29:00,8/4/2017,148,8880,9,540,0,157,,,
8/4/2017 23:15:00,8/5/2017 7:49:00,8/4/2017,425,25500,89,5340,19,514,92,242,91
8/5/2017 22:32:00,8/6/2017 6:56:00,8/5/2017,470,28200,34,2040,21,504,160,243,67
8/7/2017 21:29:00,8/8/2017 5:46:00,8/7/2017,447,26820,50,3000,30,497,124,224,99
8/8/2017 21:35:00,8/9/2017 6:29:00,8/8/2017,492,29520,42,2520,33,534,148,248,96
8/9/2017 21:19:00,8/10/2017 7:32:00,8/9/2017,553,33180,60,3600,41,613,140,289,124
8/10/2017 23:03:00,8/11/2017 4:56:00,8/10/2017,320,19200,33,1980,19,353,103,150,67
8/11/2017 21:54:00,8/12/2017 5:54:00,8/11/2017,454,27240,26,1560,28,480,167,162,125
8/13/2017 0:23:00,8/13/2017 7:18:00,8/13/2017,352,21120,63,3780,22,415,66,195,91
8/13/2017 21:35:00,8/14/2017 5:49:00,8/13/2017,441,26460,53,3180,27,494,118,223,100
8/15/2017 0:18:00,8/15/2017 7:12:00,8/15/2017,371,22260,43,2580,16,414,81,222,68
8/15/2017 22:35:00,8/16/2017 5:41:00,8/15/2017,390,23400,36,2160,18,426,115,191,84
8/16/2017 20:56:00,8/17/2017 6:40:00,8/16/2017,522,31320,62,3720,25,584,141,292,89
8/17/2017 22:01:00,8/18/2017 5:14:00,8/17/2017,398,23880,35,2100,23,433,98,237,63
8/18/2017 22:08:00,8/19/2017 7:00:00,8/18/2017,489,29340,43,2580,26,532,146,238,105
8/19/2017 23:19:00,8/20/2017 6:36:00,8/19/2017,376,22560,61,3660,21,437,103,191,82
8/20/2017 20:06:00,8/21/2017 4:13:00,8/20/2017,426,25560,61,3660,21,487,138,202,86
8/21/2017 20:49:00,8/22/2017 5:45:00,8/21/2017,478,28680,58,3480,22,536,133,242,103
8/22/2017 21:19:00,8/23/2017 5:00:00,8/22/2017,428,25680,33,1980,25,461,130,225,73
8/24/2017 1:33:00,8/24/2017 7:52:00,8/24/2017,339,20340,40,2400,13,379,113,142,84
8/25/2017 22:45:00,8/26/2017 7:36:00,8/25/2017,460,27600,71,4260,28,531,117,273,70
8/27/2017 0:03:00,8/27/2017 9:51:00,8/27/2017,543,32580,45,2700,35,588,165,273,105
8/27/2017 21:11:00,8/28/2017 6:01:00,8/27/2017,480,28800,50,3000,30,530,124,273,83
8/28/2017 21:06:00,8/29/2017 6:32:00,8/28/2017,454,27240,111,6660,21,565,93,255,106
8/29/2017 23:53:00,8/30/2017 3:33:00,8/29/2017,188,11280,31,1860,15,219,15,130,43
8/30/2017 21:03:00,8/31/2017 5:27:00,8/30/2017,455,27300,49,2940,25,504,83,256,116
8/31/2017 23:54:00,9/1/2017 6:57:00,8/31/2017,411,24660,12,720,0,423,,,
9/1/2017 22:34:00,9/2/2017 7:44:00,9/1/2017,541,32460,7,420,0,550,,,
9/2/2017 22:55:00,9/3/2017 6:50:00,9/2/2017,458,27480,17,1020,0,475,,,
9/3/2017 22:09:00,9/4/2017 7:28:00,9/3/2017,536,32160,22,1320,2,559,,,
9/5/2017 1:25:00,9/5/2017 6:49:00,9/5/2017,301,18060,18,1080,2,324,,,
9/5/2017 21:02:00,9/6/2017 5:43:00,9/5/2017,510,30600,11,660,0,521,,,
9/6/2017 21:28:00,9/7/2017 6:01:00,9/6/2017,,26340,73,4380,33,512,112,255,72
9/7/2017 23:32:00,9/8/2017 7:40:00,9/7/2017,,26760,41,2460,28,487,125,219,102
9/8/2017 22:51:00,9/9/2017 6:58:00,9/8/2017,,26760,38,2280,2,487,,,
9/9/2017 22:16:00,9/10/2017 7:42:00,9/9/2017,,29820,69,4140,24,566,136,253,108
9/11/2017 1:12:00,9/11/2017 7:34:00,9/11/2017,,19920,49,2940,27,381,98,154,80
9/11/2017 22:25:00,9/12/2017 5:49:00,9/11/2017,,24480,35,2100,22,443,113,204,91
9/12/2017 21:37:00,9/13/2017 6:23:00,9/12/2017,,29580,33,1980,24,526,96,311,86
9/13/2017 22:27:00,9/14/2017 5:25:00,9/13/2017,,23340,29,1740,18,418,115,184,90
9/14/2017 19:34:00,9/15/2017 5:43:00,9/14/2017,,32400,69,4140,30,609,108,318,114
9/15/2017 20:43:00,9/16/2017 5:55:00,9/15/2017,,30540,43,2580,36,552,107,295,107
9/16/2017 21:07:00,9/16/2017 23:10:00,9/16/2017,,6900,8,480,0,123,,,
9/17/2017 22:03:00,9/18/2017 6:43:00,9/17/2017,,29100,33,1980,2,519,,,
9/18/2017 22:11:00,9/19/2017 5:48:00,9/18/2017,,24420,50,3000,23,457,102,212,93
9/19/2017 23:39:00,9/20/2017 2:39:00,9/19/2017,,9480,22,1320,9,180,26,103,29
9/20/2017 23:41:00,9/21/2017 8:05:00,9/20/2017,,29340,14,840,0,504,,,
9/21/2017 22:21:00,9/22/2017 2:24:00,9/21/2017,,13080,25,1500,2,243,,,
9/22/2017 4:51:00,9/22/2017 8:21:00,9/22/2017,,10560,34,2040,14,210,6,121,49
9/23/2017 0:22:00,9/23/2017 9:08:00,9/23/2017,,30240,20,1200,1,525,,,
9/24/2017 20:45:00,9/25/2017 0:59:00,9/24/2017,,13680,25,1500,16,253,53,142,33
9/25/2017 2:32:00,9/25/2017 6:27:00,9/25/2017,,12900,16,960,0,235,,,
9/25/2017 21:43:00,9/26/2017 6:02:00,9/25/2017,,27840,35,2100,26,499,125,238,101
9/26/2017 22:19:00,9/27/2017 6:53:00,9/26/2017,,27960,48,2880,30,514,125,247,94
9/27/2017 22:11:00,9/28/2017 5:55:00,9/27/2017,,24780,51,3060,20,464,131,206,76
9/28/2017 23:31:00,9/29/2017 6:47:00,9/28/2017,,23940,37,2220,24,436,114,225,60
9/29/2017 21:57:00,9/30/2017 7:50:00,9/29/2017,,34620,7,420,1,592,,,
9/30/2017 15:22:00,9/30/2017 17:19:00,9/30/2017,,6900,2,120,0,117,,,
9/30/2017 21:34:00,10/1/2017 6:05:00,9/30/2017,,27780,48,2880,36,511,111,255,97
10/1/2017 21:53:00,10/2/2017 5:14:00,10/1/2017,,23520,48,2880,19,440,82,228,82
10/2/2017 22:24:00,10/3/2017 5:33:00,10/2/2017,,23640,35,2100,19,429,113,210,71
10/3/2017 22:55:00,10/4/2017 6:56:00,10/3/2017,,26520,38,2280,26,480,122,218,102
10/5/2017 1:16:00,10/5/2017 7:37:00,10/5/2017,,20040,47,2820,20,381,108,154,72
10/6/2017 23:16:00,10/7/2017 8:18:00,10/6/2017,,28020,75,4500,22,542,124,246,97
10/8/2017 0:13:00,10/8/2017 7:32:00,10/8/2017,,22740,59,3540,23,438,71,247,61
10/10/2017 21:29:00,10/11/2017 3:17:00,10/10/2017,,17880,50,3000,13,348,43,211,44
10/11/2017 22:35:00,10/12/2017 5:34:00,10/11/2017,,23460,28,1680,16,419,64,247,80
10/12/2017 21:40:00,10/13/2017 6:21:00,10/12/2017,,28500,46,2760,27,521,93,293,89
10/13/2017 22:30:00,10/14/2017 7:28:00,10/13/2017,,31320,16,960,0,538,,,
10/14/2017 21:36:00,10/15/2017 7:11:00,10/14/2017,,33720,13,780,2,575,,,
10/15/2017 23:01:00,10/16/2017 4:54:00,10/15/2017,,18600,43,2580,23,353,79,147,84
10/16/2017 21:58:00,10/17/2017 6:48:00,10/16/2017,,26280,92,5520,22,530,125,240,73
10/17/2017 21:39:00,10/18/2017 4:10:00,10/17/2017,,20640,47,2820,18,391,83,171,90
10/18/2017 21:23:00,10/19/2017 6:49:00,10/18/2017,,30480,58,3480,39,566,147,265,96
10/24/2017 21:57:00,10/25/2017 5:56:00,10/24/2017,,25200,58,3480,27,478,117,221,82
10/25/2017 22:23:00,10/26/2017 5:35:00,10/25/2017,,22920,50,3000,20,432,95,197,90
10/27/2017 0:25:00,10/27/2017 7:30:00,10/27/2017,,24000,25,1500,23,425,130,190,80
10/27/2017 22:28:00,10/28/2017 8:34:00,10/27/2017,,32580,63,3780,24,606,188,277,78
10/28/2017 22:32:00,10/29/2017 7:49:00,10/28/2017,,30000,56,3360,38,556,125,286,89
10/30/2017 22:30:00,10/31/2017 5:33:00,10/30/2017,,23880,25,1500,25,423,73,236,89
10/31/2017 21:54:00,11/1/2017 4:40:00,10/31/2017,,21540,47,2820,22,406,62,230,67
11/2/2017 22:09:00,11/3/2017 4:35:00,11/2/2017,,22500,11,660,0,386,,,
11/3/2017 5:35:00,11/3/2017 7:07:00,11/3/2017,,4800,12,720,0,92,,,
11/4/2017 22:23:00,11/5/2017 6:53:00,11/4/2017,,28800,30,1800,24,510,137,247,96
11/5/2017 21:24:00,11/6/2017 2:53:00,11/5/2017,,18300,24,1440,17,329,66,171,68
11/6/2017 23:26:00,11/7/2017 1:24:00,11/6/2017,,6720,6,360,1,118,,,
11/8/2017 22:48:00,11/9/2017 4:51:00,11/8/2017,,19260,41,2460,21,362,87,164,70
11/9/2017 22:07:00,11/10/2017 4:56:00,11/9/2017,,22680,31,1860,14,409,116,176,86
11/11/2017 21:37:00,11/12/2017 7:58:00,11/11/2017,,32040,86,5160,33,620,125,316,93
11/12/2017 23:25:00,11/13/2017 5:29:00,11/12/2017,,19800,34,2040,26,364,60,186,84
11/13/2017 21:03:00,11/14/2017 4:33:00,11/13/2017,,24660,39,2340,27,450,119,200,92
11/14/2017 22:03:00,11/15/2017 5:13:00,11/14/2017,,22800,49,2940,23,429,98,194,88
11/15/2017 22:00:00,11/16/2017 5:50:00,11/15/2017,,25620,43,2580,26,470,108,235,84
11/17/2017 22:20:00,11/18/2017 6:17:00,11/17/2017,,25740,48,2880,21,477,55,287,87
11/19/2017 22:02:00,11/20/2017 5:31:00,11/19/2017,,23940,50,3000,19,449,101,218,80
11/20/2017 21:30:00,11/21/2017 5:07:00,11/20/2017,,24720,44,2640,19,456,99,231,82
11/22/2017 21:14:00,11/23/2017 6:58:00,11/22/2017,,33960,18,1080,1,584,,,
11/23/2017 20:11:00,11/24/2017 7:00:00,11/23/2017,,36120,43,2580,2,649,,,
11/25/2017 0:01:00,11/25/2017 6:02:00,11/25/2017,,21060,10,600,1,361,,,
11/25/2017 21:48:00,11/26/2017 5:30:00,11/25/2017,,26160,26,1560,26,462,133,209,94
11/26/2017 21:32:00,11/27/2017 5:23:00,11/26/2017,,26340,32,1920,29,471,124,228,87
11/27/2017 22:39:00,11/28/2017 5:25:00,11/27/2017,,21660,45,2700,19,406,65,206,90
11/28/2017 21:36:00,11/29/2017 6:30:00,11/28/2017,,28320,62,3720,29,534,143,203,126
11/29/2017 21:56:00,11/30/2017 5:40:00,11/29/2017,,25740,34,2040,20,463,92,205,132
11/30/2017 23:50:00,12/1/2017 6:47:00,11/30/2017,,21300,61,3660,24,416,97,172,86
12/1/2017 22:56:00,12/2/2017 6:52:00,12/1/2017,,27000,26,1560,27,476,116,205,129
12/4/2017 0:22:00,12/4/2017 6:58:00,12/4/2017,,20940,47,2820,27,396,112,144,93
12/4/2017 23:14:00,12/5/2017 2:44:00,12/4/2017,,10860,29,1740,8,210,39,116,26
12/6/2017 0:23:00,12/6/2017 6:59:00,12/6/2017,,22440,22,1320,11,396,127,130,117
12/7/2017 0:50:00,12/7/2017 7:39:00,12/7/2017,,21840,45,2700,23,409,93,166,105
12/7/2017 21:07:00,12/8/2017 6:38:00,12/7/2017,,31140,51,3060,30,570,138,245,136
12/8/2017 22:10:00,12/9/2017 5:13:00,12/8/2017,,22440,49,2940,14,423,72,245,57
12/10/2017 2:32:00,12/10/2017 6:56:00,12/10/2017,,13800,33,1980,18,263,42,138,50
12/10/2017 22:27:00,12/11/2017 5:35:00,12/10/2017,,23880,30,1800,13,428,122,179,97
12/11/2017 23:56:00,12/12/2017 5:27:00,12/11/2017,,16860,50,3000,14,331,57,145,79
12/12/2017 21:43:00,12/13/2017 5:06:00,12/12/2017,,24900,28,1680,18,443,130,190,95
12/16/2017 1:09:00,12/16/2017 8:54:00,12/16/2017,,25800,35,2100,25,465,101,245,84
12/16/2017 23:03:00,12/17/2017 7:23:00,12/16/2017,,27540,41,2460,31,500,118,227,114
12/17/2017 22:50:00,12/18/2017 6:39:00,12/17/2017,,26520,27,1620,26,469,127,239,76
12/19/2017 0:37:00,12/19/2017 4:45:00,12/19/2017,,13620,21,1260,11,248,71,111,45
12/19/2017 22:54:00,12/20/2017 5:30:00,12/19/2017,,21540,37,2220,15,396,109,185,65
12/20/2017 23:01:00,12/21/2017 7:12:00,12/20/2017,,27540,31,1860,24,490,149,194,116
12/21/2017 23:01:00,12/22/2017 7:28:00,12/21/2017,,27360,51,3060,26,507,126,247,83
12/23/2017 23:31:00,12/24/2017 8:10:00,12/23/2017,,27060,68,4080,24,519,105,291,55
12/24/2017 21:58:00,12/25/2017 6:15:00,12/24/2017,,27600,37,2220,13,497,139,208,113
12/27/2017 2:56:00,12/27/2017 7:44:00,12/27/2017,,15660,27,1620,10,288,109,92,60
1/1/2018 0:54:00,1/1/2018 3:29:00,1/1/2018,,7980,21,1260,3,155,,,
1/2/2018 23:35:00,1/3/2018 6:07:00,1/2/2018,,21240,38,2280,22,392,112,157,85
1/3/2018 20:56:00,1/4/2018 3:47:00,1/3/2018,,22680,32,1920,20,410,94,226,58
1/6/2018 21:49:00,1/7/2018 5:46:00,1/6/2018,,25920,45,2700,26,477,108,221,103
1/7/2018 22:01:00,1/8/2018 6:04:00,1/7/2018,,26700,38,2280,18,483,104,252,89
1/8/2018 20:30:00,1/9/2018 4:18:00,1/8/2018,,25740,39,2340,28,468,84,266,79
1/10/2018 0:11:00,1/10/2018 6:44:00,1/10/2018,,20160,57,3420,15,393,86,166,84
1/10/2018 21:26:00,1/11/2018 5:12:00,1/10/2018,,24600,56,3360,27,466,108,174,128
1/11/2018 21:36:00,1/12/2018 6:08:00,1/11/2018,,27180,59,3540,21,512,139,219,95
1/12/2018 23:03:00,1/13/2018 8:13:00,1/12/2018,,29640,55,3300,28,549,154,242,98
1/13/2018 22:28:00,1/14/2018 8:05:00,1/13/2018,,31140,58,3480,35,577,148,273,98
1/15/2018 22:50:00,1/16/2018 3:06:00,1/15/2018,,13320,34,2040,10,256,39,134,49
1/16/2018 5:17:00,1/16/2018 6:31:00,1/16/2018,,4020,6,360,0,74,,,
1/16/2018 21:06:00,1/17/2018 3:24:00,1/16/2018,,20940,29,1740,18,378,80,196,73
1/17/2018 4:52:00,1/17/2018 7:39:00,1/17/2018,,8700,17,1020,1,167,,,
1/17/2018 22:23:00,1/18/2018 3:18:00,1/17/2018,,14520,53,3180,13,295,60,128,54
1/18/2018 22:48:00,1/19/2018 7:59:00,1/18/2018,,29280,62,3720,30,550,134,265,89
1/19/2018 22:37:00,1/20/2018 5:27:00,1/19/2018,,23340,21,1260,13,410,131,180,78
1/20/2018 21:15:00,1/21/2018 7:14:00,1/20/2018,,30480,91,5460,33,599,128,314,66
1/21/2018 21:46:00,1/22/2018 5:30:00,1/21/2018,,26040,30,1800,22,464,125,177,132
1/22/2018 22:27:00,1/23/2018 5:39:00,1/22/2018,,23760,35,2100,26,431,96,215,85
1/23/2018 22:32:00,1/24/2018 5:53:00,1/23/2018,,24660,30,1800,22,441,126,200,85
1/25/2018 0:16:00,1/25/2018 6:28:00,1/25/2018,,21060,21,1260,17,372,108,152,91
1/25/2018 21:01:00,1/26/2018 6:32:00,1/25/2018,,33600,8,480,1,570,,,
1/26/2018 21:44:00,1/27/2018 4:07:00,1/26/2018,,20880,35,2100,16,383,72,212,64
1/27/2018 23:11:00,1/28/2018 6:29:00,1/27/2018,,23940,38,2280,20,437,102,231,66
1/28/2018 22:01:00,1/29/2018 2:50:00,1/28/2018,,16140,20,1200,14,289,48,146,75
1/29/2018 22:16:00,1/30/2018 4:56:00,1/29/2018,,21060,49,2940,16,400,95,205,51
1/30/2018 21:17:00,1/31/2018 6:39:00,1/30/2018,,27300,107,6420,31,562,110,283,62
1/31/2018 20:42:00,2/1/2018 6:26:00,1/31/2018,,31440,60,3600,22,584,143,265,116
2/1/2018 22:37:00,2/2/2018 6:05:00,2/1/2018,,24300,42,2520,25,447,126,183,96
2/2/2018 21:48:00,2/3/2018 3:15:00,2/2/2018,,17640,33,1980,16,327,67,163,64
2/3/2018 4:18:00,2/3/2018 8:28:00,2/3/2018,,13140,30,1800,12,249,12,163,44
2/5/2018 23:29:00,2/6/2018 6:35:00,2/5/2018,,22320,54,3240,30,426,117,169,86
2/6/2018 21:33:00,2/7/2018 6:08:00,2/6/2018,,28680,37,2220,28,515,139,235,104
2/7/2018 20:08:00,2/8/2018 0:36:00,2/7/2018,,15240,14,840,14,268,69,129,56
2/8/2018 2:51:00,2/8/2018 6:52:00,2/8/2018,,12660,29,1740,19,240,37,115,59
2/18/2018 23:40:00,2/19/2018 7:46:00,2/18/2018,,23820,89,5340,15,486,91,246,60
2/20/2018 0:19:00,2/20/2018 8:30:00,2/20/2018,,27780,28,1680,2,491,,,
2/21/2018 19:57:00,2/22/2018 4:42:00,2/21/2018,,27900,60,3600,26,525,121,236,108
2/23/2018 21:51:00,2/24/2018 6:42:00,2/23/2018,,28620,54,3240,29,531,111,266,100
2/24/2018 20:42:00,2/25/2018 5:03:00,2/24/2018,,27840,36,2160,25,500,112,273,79
2/25/2018 20:55:00,2/26/2018 5:27:00,2/25/2018,,28620,35,2100,4,512,,,
2/26/2018 22:04:00,2/27/2018 6:06:00,2/26/2018,,26040,48,2880,27,482,154,146,134
2/28/2018 0:08:00,2/28/2018 6:47:00,2/28/2018,,22320,27,1620,21,399,125,155,92
2/28/2018 22:23:00,3/1/2018 6:01:00,2/28/2018,,25680,30,1800,25,458,139,210,79
3/1/2018 21:28:00,3/2/2018 4:34:00,3/1/2018,,23580,33,1980,17,426,156,163,74
3/2/2018 22:12:00,3/3/2018 9:19:00,3/2/2018,,37020,50,3000,34,667,156,337,124
3/4/2018 22:28:00,3/5/2018 5:27:00,3/4/2018,,22740,40,2400,20,419,54,259,66
3/5/2018 22:05:00,3/6/2018 5:46:00,3/5/2018,,25380,38,2280,22,461,118,202,103
3/6/2018 21:22:00,3/7/2018 5:34:00,3/6/2018,,27480,34,2040,32,492,122,252,84
3/7/2018 23:19:00,3/8/2018 5:56:00,3/7/2018,,21960,31,1860,21,397,116,178,72
3/8/2018 21:33:00,3/9/2018 5:48:00,3/8/2018,,27900,30,1800,25,495,131,227,107
3/10/2018 1:31:00,3/10/2018 8:42:00,3/10/2018,,23760,35,2100,23,431,118,182,96
3/10/2018 21:50:00,3/11/2018 7:54:00,3/10/2018,,30660,33,1980,33,544,112,295,104
3/11/2018 22:06:00,3/12/2018 5:36:00,3/11/2018,,23100,65,3900,19,450,70,239,76
3/12/2018 22:16:00,3/13/2018 4:58:00,3/12/2018,,20940,53,3180,26,402,45,221,83
3/14/2018 0:34:00,3/14/2018 7:06:00,3/14/2018,,20160,56,3360,20,392,90,186,60
3/14/2018 22:37:00,3/15/2018 7:59:00,3/14/2018,,30900,47,2820,25,562,136,255,124
3/16/2018 0:44:00,3/16/2018 7:21:00,3/16/2018,,22260,26,1560,19,397,70,205,96
3/17/2018 22:17:00,3/18/2018 6:54:00,3/17/2018,,27420,60,3600,29,517,109,269,79
3/18/2018 23:02:00,3/19/2018 5:45:00,3/18/2018,,20760,57,3420,26,403,91,174,81
3/19/2018 22:14:00,3/20/2018 5:52:00,3/19/2018,,24780,45,2700,12,458,100,230,83
3/21/2018 0:16:00,3/21/2018 8:06:00,3/21/2018,,25200,50,3000,25,470,88,247,85
3/21/2018 23:15:00,3/22/2018 6:30:00,3/21/2018,421,25260,7,420,0,435,,,
3/22/2018 21:20:00,3/23/2018 6:14:00,3/22/2018,489,29340,45,2700,31,534,117,276,96
3/23/2018 23:40:00,3/24/2018 3:47:00,3/23/2018,219,13140,27,1620,7,246,44,115,60
3/24/2018 5:06:00,3/24/2018 8:18:00,3/24/2018,165,9900,27,1620,14,192,35,101,29
3/24/2018 21:42:00,3/25/2018 7:11:00,3/24/2018,522,31320,47,2820,40,569,157,274,91
3/25/2018 22:40:00,3/26/2018 6:06:00,3/25/2018,399,23940,46,2760,15,445,68,231,100
3/26/2018 23:13:00,3/27/2018 6:13:00,3/26/2018,386,23160,34,2040,16,420,98,202,86
3/28/2018 0:02:00,3/28/2018 7:03:00,3/28/2018,380,22800,41,2460,28,421,87,238,55
3/28/2018 22:21:00,3/29/2018 6:25:00,3/28/2018,429,25740,55,3300,21,484,95,259,75
3/29/2018 23:06:00,3/30/2018 7:55:00,3/29/2018,447,26820,82,4920,19,529,124,249,74
3/30/2018 23:25:00,3/31/2018 6:52:00,3/30/2018,397,23820,50,3000,26,447,92,209,96
3/31/2018 22:42:00,4/1/2018 6:09:00,3/31/2018,384,23040,63,3780,22,447,79,222,83
4/1/2018 21:44:00,4/2/2018 6:10:00,4/1/2018,467,28020,39,2340,19,506,129,255,83
4/2/2018 21:24:00,4/3/2018 6:59:00,4/2/2018,522,31320,53,3180,31,575,146,262,114
4/3/2018 22:06:00,4/4/2018 4:29:00,4/3/2018,342,20520,41,2460,19,383,92,150,100
4/4/2018 5:43:00,4/4/2018 7:43:00,4/4/2018,109,6540,11,660,2,120,,,
4/4/2018 22:31:00,4/5/2018 5:52:00,4/4/2018,389,23340,52,3120,19,441,108,187,94
4/6/2018 0:46:00,4/6/2018 5:49:00,4/6/2018,276,16560,27,1620,23,303,66,114,96
4/6/2018 22:35:00,4/7/2018 6:21:00,4/6/2018,426,25560,40,2400,35,466,98,227,101
4/7/2018 22:35:00,4/8/2018 6:16:00,4/7/2018,415,24900,46,2760,32,461,122,203,90
4/8/2018 21:10:00,4/9/2018 6:06:00,4/8/2018,487,29220,48,2880,27,535,145,248,94
4/9/2018 20:58:00,4/10/2018 1:13:00,4/9/2018,230,13800,25,1500,10,255,62,116,52
4/10/2018 2:24:00,4/10/2018 5:53:00,4/10/2018,193,11580,16,960,16,209,53,109,31
4/10/2018 22:58:00,4/11/2018 5:57:00,4/10/2018,376,22560,43,2580,16,419,122,155,99
4/11/2018 21:39:00,4/12/2018 5:55:00,4/11/2018,469,28140,27,1620,28,496,100,260,109
4/12/2018 22:25:00,4/13/2018 6:06:00,4/12/2018,435,26100,26,1560,19,461,145,227,63
4/13/2018 21:42:00,4/14/2018 8:50:00,4/13/2018,573,34380,95,5700,39,668,115,338,120
4/14/2018 22:07:00,4/15/2018 8:04:00,4/14/2018,502,30120,95,5700,36,597,69,378,55
4/15/2018 21:12:00,4/16/2018 6:16:00,4/15/2018,482,28920,62,3720,26,544,109,296,77
4/16/2018 23:00:00,4/17/2018 6:12:00,4/16/2018,397,23820,35,2100,23,432,107,224,66
4/17/2018 23:21:00,4/18/2018 4:51:00,4/17/2018,302,18120,28,1680,16,330,81,148,73
4/18/2018 21:46:00,4/19/2018 6:17:00,4/18/2018,438,26280,73,4380,30,511,141,216,81
4/19/2018 22:36:00,4/20/2018 6:13:00,4/19/2018,413,24780,44,2640,22,457,110,185,118
4/20/2018 22:40:00,4/21/2018 7:26:00,4/20/2018,480,28800,46,2760,30,526,118,253,109